{"train_loss": [1.1580925141604497, 1.2135359684143623, 0.9471992775527488, 0.9759132763755565, 0.8481117347974549, 0.7320661246675837, 0.62506162567894, 0.5972126276783047, 0.5904037642828592, 0.3406311148913422, 0.5592395750007736, 0.49724263293914944, 0.5235911471524781, 0.5427226215107813, 0.4639036705965181, 0.3059686644540668, 0.4528962521579048, 0.2551956589527521, 0.47242849753795413, 0.3109830058681003, 0.3491319232010389, 0.30531189128874925, 0.28180350072420585, 0.36600538442019187, 0.32270008889565016, 0.3571141575374668, 0.31445210787124356, 0.3478669459036726, 0.2825814487513233, 0.38377264986702403, 0.37416020562579305, 0.2884914253046957, 0.3436085539780086, 0.2576138866923124, 0.34733951262119195, 0.2553533214644433, 0.3808210802147515, 0.33659714124218654, 0.36626059455364757, 0.35515210612100756, 0.3406268191825772, 0.301302711151515, 0.30921298525021584, 0.32087564870497415, 0.28360959336121666, 0.25557644112584854, 0.31987543211654196, 0.31686425489678743, 0.3080327261806461, 0.28712431697874324], "val_loss": [0.6455103407613934, 0.29383477922528983, 0.8453207292710431, 0.6291591521003284, 0.43518077144399286, 0.2519207514822483, 0.36308019408606923, 0.30663110823370515, 0.24971253612457076, 0.183949769559149, 0.19365206162710819, 0.17023238191073914, 0.2500654190141745, 0.23732623571977457, 0.26694511712959185, 0.23778815970210018, 0.2209869946619712, 0.23709779873508552, 0.21438604435769265, 0.19936723005733653, 0.2040113701261909, 0.1966825083488885, 0.20583025516735987, 0.2087913393782621, 0.21014922284155446, 0.21310327076444935, 0.2135138394843814, 0.21615140119594897, 0.21744735605337978, 0.21745939955746535, 0.21780012980084323, 0.21852366767868006, 0.2186190339623451, 0.21888165665261283, 0.218881816533753, 0.21915491963875908, 0.21914645880794978, 0.21920142542063276, 0.21931835987465292, 0.2193412470879302, 0.21943956897358632, 0.21949266993027194, 0.21954444801340428, 0.2195860145451661, 0.21961897859877624, 0.21962744921521704, 0.21970034925172827, 0.21978553250185157, 0.21977050946947257, 0.21982371047117227], "train_accuracy": [0.6153846153846154, 0.6858974358974359, 0.6153846153846154, 0.6153846153846154, 0.6153846153846154, 0.7115384615384616, 0.7371794871794872, 0.7371794871794872, 0.7948717948717948, 0.8397435897435898, 0.8397435897435898, 0.8653846153846154, 0.8397435897435898, 0.8269230769230769, 0.8717948717948718, 0.9166666666666666, 0.9038461538461539, 0.9038461538461539, 0.9166666666666666, 0.9166666666666666, 0.9166666666666666, 0.9166666666666666, 0.9038461538461539, 0.9038461538461539, 0.9038461538461539, 0.9038461538461539, 0.9038461538461539, 0.9038461538461539, 0.9038461538461539, 0.9038461538461539, 0.9038461538461539, 0.9038461538461539, 0.9038461538461539, 0.9038461538461539, 0.9038461538461539, 0.9038461538461539, 0.9038461538461539, 0.9038461538461539, 0.9038461538461539, 0.9038461538461539, 0.9038461538461539, 0.9038461538461539, 0.9038461538461539, 0.9038461538461539, 0.9038461538461539, 0.9038461538461539, 0.9038461538461539, 0.9038461538461539, 0.9038461538461539, 0.9038461538461539], "val_accuracy": [0.55, 0.65, 0.55, 0.55, 0.55, 0.675, 0.675, 0.675, 0.825, 0.95, 0.95, 0.95, 0.9, 0.8, 0.9, 0.95, 0.95, 0.95, 0.95, 0.95, 0.95, 0.95, 0.95, 0.95, 0.95, 0.95, 0.95, 0.95, 0.95, 0.95, 0.95, 0.95, 0.95, 0.95, 0.95, 0.95, 0.95, 0.95, 0.95, 0.95, 0.95, 0.95, 0.95, 0.95, 0.95, 0.95, 0.95, 0.95, 0.95, 0.95], "train_precision": [0.625, 0.8222222222222222, 0.625, 0.625, 0.625, 0.851063829787234, 0.9302325581395349, 0.9302325581395349, 0.8833333333333333, 0.8354430379746836, 0.8354430379746836, 0.88, 0.797752808988764, 0.9473684210526315, 0.9833333333333333, 0.9577464788732394, 0.9565217391304348, 0.9565217391304348, 0.9577464788732394, 0.9577464788732394, 0.9577464788732394, 0.9577464788732394, 0.9565217391304348, 0.9565217391304348, 0.9565217391304348, 0.9565217391304348, 0.9565217391304348, 0.9565217391304348, 0.9565217391304348, 0.9565217391304348, 0.9565217391304348, 0.9565217391304348, 0.9565217391304348, 0.9565217391304348, 0.9565217391304348, 0.9565217391304348, 0.9565217391304348, 0.9565217391304348, 0.9565217391304348, 0.9565217391304348, 0.9565217391304348, 0.9565217391304348, 0.9565217391304348, 0.9565217391304348, 0.9565217391304348, 0.9565217391304348, 0.9565217391304348, 0.9565217391304348, 0.9565217391304348, 0.9565217391304348], "val_precision": [0.5714285714285714, 0.875, 0.5714285714285714, 0.5714285714285714, 0.5714285714285714, 0.8888888888888888, 0.8888888888888888, 0.8888888888888888, 0.9333333333333333, 0.95, 0.95, 0.95, 0.8333333333333334, 0.9285714285714286, 0.9444444444444444, 0.95, 0.95, 0.95, 0.95, 0.95, 0.95, 0.95, 0.95, 0.95, 0.95, 0.95, 0.95, 0.95, 0.95, 0.95, 0.95, 0.95, 0.95, 0.95, 0.95, 0.95, 0.95, 0.95, 0.95, 0.95, 0.95, 0.95, 0.95, 0.95, 0.95, 0.95, 0.95, 0.95, 0.95, 0.95], "train_recall": [0.5769230769230769, 0.47435897435897434, 0.5769230769230769, 0.5769230769230769, 0.5769230769230769, 0.5128205128205128, 0.5128205128205128, 0.5128205128205128, 0.6794871794871795, 0.8461538461538461, 0.8461538461538461, 0.8461538461538461, 0.9102564102564102, 0.6923076923076923, 0.7564102564102564, 0.8717948717948718, 0.8461538461538461, 0.8461538461538461, 0.8717948717948718, 0.8717948717948718, 0.8717948717948718, 0.8717948717948718, 0.8461538461538461, 0.8461538461538461, 0.8461538461538461, 0.8461538461538461, 0.8461538461538461, 0.8461538461538461, 0.8461538461538461, 0.8461538461538461, 0.8461538461538461, 0.8461538461538461, 0.8461538461538461, 0.8461538461538461, 0.8461538461538461, 0.8461538461538461, 0.8461538461538461, 0.8461538461538461, 0.8461538461538461, 0.8461538461538461, 0.8461538461538461, 0.8461538461538461, 0.8461538461538461, 0.8461538461538461, 0.8461538461538461, 0.8461538461538461, 0.8461538461538461, 0.8461538461538461, 0.8461538461538461, 0.8461538461538461], "val_recall": [0.4, 0.35, 0.4, 0.4, 0.4, 0.4, 0.4, 0.4, 0.7, 0.95, 0.95, 0.95, 1.0, 0.65, 0.85, 0.95, 0.95, 0.95, 0.95, 0.95, 0.95, 0.95, 0.95, 0.95, 0.95, 0.95, 0.95, 0.95, 0.95, 0.95, 0.95, 0.95, 0.95, 0.95, 0.95, 0.95, 0.95, 0.95, 0.95, 0.95, 0.95, 0.95, 0.95, 0.95, 0.95, 0.95, 0.95, 0.95, 0.95, 0.95], "train_f1": [0.6, 0.6016260162601627, 0.6, 0.6, 0.6, 0.64, 0.6611570247933884, 0.6611570247933884, 0.7681159420289855, 0.8407643312101911, 0.8407643312101911, 0.8627450980392157, 0.8502994011976048, 0.8, 0.855072463768116, 0.912751677852349, 0.8979591836734694, 0.8979591836734694, 0.912751677852349, 0.912751677852349, 0.912751677852349, 0.912751677852349, 0.8979591836734694, 0.8979591836734694, 0.8979591836734694, 0.8979591836734694, 0.8979591836734694, 0.8979591836734694, 0.8979591836734694, 0.8979591836734694, 0.8979591836734694, 0.8979591836734694, 0.8979591836734694, 0.8979591836734694, 0.8979591836734694, 0.8979591836734694, 0.8979591836734694, 0.8979591836734694, 0.8979591836734694, 0.8979591836734694, 0.8979591836734694, 0.8979591836734694, 0.8979591836734694, 0.8979591836734694, 0.8979591836734694, 0.8979591836734694, 0.8979591836734694, 0.8979591836734694, 0.8979591836734694, 0.8979591836734694], "val_f1": [0.47058823529411764, 0.5, 0.47058823529411764, 0.47058823529411764, 0.47058823529411764, 0.5517241379310345, 0.5517241379310345, 0.5517241379310345, 0.8, 0.95, 0.95, 0.95, 0.9090909090909091, 0.7647058823529411, 0.8947368421052632, 0.95, 0.95, 0.95, 0.95, 0.95, 0.95, 0.95, 0.95, 0.95, 0.95, 0.95, 0.95, 0.95, 0.95, 0.95, 0.95, 0.95, 0.95, 0.95, 0.95, 0.95, 0.95, 0.95, 0.95, 0.95, 0.95, 0.95, 0.95, 0.95, 0.95, 0.95, 0.95, 0.95, 0.95, 0.95],